{"cameraMode":{"drawMode":0,"name":"Shaded","section":"Shading Mode"},"sceneLighting":false,"audioPlay":false,"sceneViewState":{"m_AlwaysRefresh":false,"showFog":true,"showSkybox":false,"showFlares":true,"showImageEffects":true,"showParticleSystems":true,"showVisualEffectGraphs":true,"m_FxEnabled":true},"in2DMode":false,"pivot":{"x":-1.8805756568908692,"y":1.1395256519317628,"z":-3.181877613067627},"rotation":{"x":-0.004143368452787399,"y":0.9775264859199524,"z":-0.017840204760432245,"w":-0.21077564358711244},"size":3.193781852722168,"orthographic":false}