{"cameraMode":{"drawMode":0,"name":"Shaded","section":"Shading Mode"},"sceneLighting":false,"audioPlay":false,"sceneViewState":{"m_AlwaysRefresh":false,"showFog":true,"showSkybox":false,"showFlares":true,"showImageEffects":true,"showParticleSystems":true,"showVisualEffectGraphs":true,"m_FxEnabled":true},"in2DMode":false,"pivot":{"x":-0.6827244758605957,"y":1.3364815711975098,"z":-2.9157590866088869},"rotation":{"x":-0.009381163865327835,"y":0.9820830821990967,"z":-0.048907436430454257,"w":-0.18262973427772523},"size":2.5750489234924318,"orthographic":false}