{"cameraMode":{"drawMode":0,"name":"Shaded","section":"Shading Mode"},"sceneLighting":false,"audioPlay":false,"sceneViewState":{"m_AlwaysRefresh":false,"showFog":true,"showSkybox":false,"showFlares":true,"showImageEffects":true,"showParticleSystems":true,"showVisualEffectGraphs":true,"m_FxEnabled":true},"in2DMode":false,"pivot":{"x":-1.6378203630447388,"y":0.22526276111602784,"z":-2.8988609313964845},"rotation":{"x":-0.01802143268287182,"y":0.9818013906478882,"z":-0.1486799120903015,"w":-0.11805473268032074},"size":3.001281499862671,"orthographic":false}