{"cameraMode":{"drawMode":0,"name":"Shaded","section":"Shading Mode"},"sceneLighting":false,"audioPlay":false,"sceneViewState":{"m_AlwaysRefresh":false,"showFog":true,"showSkybox":false,"showFlares":true,"showImageEffects":true,"showParticleSystems":true,"showVisualEffectGraphs":true,"m_FxEnabled":true},"in2DMode":false,"pivot":{"x":1.294342041015625,"y":1.2186369895935059,"z":-0.5076613426208496},"rotation":{"x":0.03103695996105671,"y":0.9637743234634399,"z":-0.12977217137813569,"w":0.23159563541412354},"size":2.1124355792999269,"orthographic":false}