{"cameraMode":{"drawMode":0,"name":"Shaded","section":"Shading Mode"},"sceneLighting":false,"audioPlay":false,"sceneViewState":{"m_AlwaysRefresh":false,"showFog":true,"showSkybox":false,"showFlares":true,"showImageEffects":true,"showParticleSystems":true,"showVisualEffectGraphs":true,"m_FxEnabled":true},"in2DMode":false,"pivot":{"x":-3.1883225440979006,"y":-0.5557575225830078,"z":-6.152632236480713},"rotation":{"x":-0.031068339943885804,"y":0.9652392268180847,"z":-0.13281936943531037,"w":-0.22361420094966889},"size":4.855279445648193,"orthographic":false}