{"cameraMode":{"drawMode":0,"name":"Shaded","section":"Shading Mode"},"sceneLighting":false,"audioPlay":false,"sceneViewState":{"m_AlwaysRefresh":false,"showFog":true,"showSkybox":false,"showFlares":true,"showImageEffects":true,"showParticleSystems":true,"showVisualEffectGraphs":true,"m_FxEnabled":true},"in2DMode":false,"pivot":{"x":3.9095911979675295,"y":3.1745896339416506,"z":2.264726161956787},"rotation":{"x":-0.0511230044066906,"y":-0.08202508836984635,"z":0.004130376037210226,"w":-0.9953694939613342},"size":5.609443187713623,"orthographic":false}