{"cameraMode":{"drawMode":0,"name":"Shaded","section":"Shading Mode"},"sceneLighting":true,"audioPlay":false,"sceneViewState":{"m_AlwaysRefresh":false,"showFog":true,"showSkybox":true,"showFlares":true,"showImageEffects":true,"showParticleSystems":true,"showVisualEffectGraphs":true,"m_FxEnabled":true},"in2DMode":false,"pivot":{"x":2384.76025390625,"y":1.7431912422180176,"z":1438.5938720703125},"rotation":{"x":-0.1603865623474121,"y":0.045659735798835757,"z":-0.0004332082171458751,"w":-0.9868406057357788},"size":10.17165756225586,"orthographic":false}