{"cameraMode":{"drawMode":0,"name":"Shaded","section":"Shading Mode"},"sceneLighting":false,"audioPlay":false,"sceneViewState":{"m_AlwaysRefresh":false,"showFog":true,"showSkybox":false,"showFlares":true,"showImageEffects":true,"showParticleSystems":true,"showVisualEffectGraphs":true,"m_FxEnabled":true},"in2DMode":false,"pivot":{"x":-1.3344495296478272,"y":1.0378570556640626,"z":-2.050149917602539},"rotation":{"x":-0.00759810721501708,"y":0.989998996257782,"z":-0.055271729826927188,"w":-0.13079872727394105},"size":2.4232068061828615,"orthographic":false}