{"cameraMode":{"drawMode":0,"name":"Shaded","section":"Shading Mode"},"sceneLighting":false,"audioPlay":false,"sceneViewState":{"m_AlwaysRefresh":false,"showFog":true,"showSkybox":false,"showFlares":true,"showImageEffects":true,"showParticleSystems":true,"showVisualEffectGraphs":true,"m_FxEnabled":true},"in2DMode":false,"pivot":{"x":-0.6743784546852112,"y":0.9372677803039551,"z":-2.529000997543335},"rotation":{"x":0.0051036411896348,"y":-0.9948921203613281,"z":0.07506892085075379,"w":0.06818139553070069},"size":2.9660251140594484,"orthographic":false}