{"cameraMode":{"drawMode":0,"name":"Shaded","section":"Shading Mode"},"sceneLighting":false,"audioPlay":false,"sceneViewState":{"m_AlwaysRefresh":false,"showFog":true,"showSkybox":false,"showFlares":true,"showImageEffects":true,"showParticleSystems":true,"showVisualEffectGraphs":true,"m_FxEnabled":true},"in2DMode":false,"pivot":{"x":-5.246219635009766,"y":5.590240001678467,"z":-11.732196807861329},"rotation":{"x":-0.006935751531273127,"y":0.9183748960494995,"z":-0.007147856988012791,"w":-0.3966785669326782},"size":35.461238861083987,"orthographic":false}